"","Human Events (HE)","Trap Nights (TN)","HE / TN","Day HE / TN","Night HE / TN","Mean HE/ TN"
"AJB02",1,70,0.0142857142857143,0.0142857142857143,0,0.0142857142857143
"AJB04",3,70,0.0428571428571429,0.0428571428571429,0,0.0571428571428571
"AJB07",1,68,0.0147058823529412,0.0147058823529412,0,0.0441176470588235
"AJB15",17,65,0.261538461538462,0.261538461538462,0.0307692307692308,0.446153846153846
