"","Human Events (HE)","Trap Nights (TN)","HE / TN","Day HE / TN","Night HE / TN","Mean HE/ TN"
"4AJB01",1,76,0.0131578947368421,0.0131578947368421,0,0.0131578947368421
"4AJB03",1,72,0.0138888888888889,0.0138888888888889,0,0.0277777777777778
"4AJB04",1,76,0.0131578947368421,0.0131578947368421,0,0.0131578947368421
"4AJB07",2,75,0.0266666666666667,0.0266666666666667,0,0.0266666666666667
"4AJB14",3,68,0.0441176470588235,0.0441176470588235,0,0.0882352941176471
"4AJB15",13,75,0.173333333333333,0.173333333333333,0,0.24
