"","Human Events (HE)","Trap Nights (TN)","HE / TN","Day HE / TN","Night HE / TN","Mean HE/ TN"
"3AJB02",1,65,0.0153846153846154,0.0153846153846154,0,0.0153846153846154
"3AJB04",5,66,0.0757575757575758,0.0757575757575758,0,0.0757575757575758
"3AJB14",2,63,0.0317460317460317,0.0317460317460317,0,0.0476190476190476
"3AJB15",27,64,0.421875,0.421875,0.015625,1.140625
"3AJB17",1,56,0.0178571428571429,0.0178571428571429,0,0.0178571428571429
