"","Human Events (HE)","Trap Nights (TN)","HE / TN","Day HE / TN","Night HE / TN","Mean HE/ TN"
"2AJB 01",1,61,0.0163934426229508,0.0163934426229508,0,0.0327868852459016
"2AJB 03",3,61,0.0491803278688525,0.0491803278688525,0,0.0655737704918033
"2AJB 04",2,57,0.0350877192982456,0.0350877192982456,0,0.0526315789473684
"2AJB 07",3,62,0.0483870967741935,0.0483870967741935,0,0.0645161290322581
"2AJB 13",2,62,0.032258064516129,0.032258064516129,0.0161290322580645,0.0483870967741935
"2AJB 15",5,60,0.0833333333333333,0.0833333333333333,0,0.1
"2AJB 16",1,54,0.0185185185185185,0.0185185185185185,0,0.0185185185185185
