Model,CPO
M1.full.no.covs,588.1885518
M1.full.covs.2,598.7564639
M2.red.no.covs,601.8663813
M2.red.covs.2,602.0966929
M2.red.covs.1,606.6092391
M1.full.covs.1,611.4700421
M3.null.covs.2,616.707945
M3.null.covs.1,619.9208582
M1.hybrid.no.covs,586.3125726
M2.hybrid.no.covs,589.0399061
M3.null.no.covs,616.8786702
