Mode,CPO
"M1.full.no.covs","716.424037753029"
"M2.red.no.covs","718.695456209738"
"M3.null.no.covs","739.634053677164"
"M1.full.covs.1","755.11136354385"
"M2.red.covs.1","720.888910908062"
"M3.null.covs.1","738.497859625448"
