Mode,CPO
M1.full,623.0556408
M2.full,627.0325423
M3.red,626.8787058
M4.red,626.8787058
M7.null,640.5811343
M8.full.no.covs.CPO,627.0892591
M9.red.no.covs.CPO,628.6064099
M6.null,641.3394478
M5.null,641.5481592
"M1.full","622.925249417864"
"M1.full","622.925249417864"
"M3.red","626.882288489672"
"M4.red","626.464118229628"
"M5.null","694.222331769105"
"M6.null","693.927343487224"
"M6.null","693.951964897032"
"M7.null","693.233729766153"
