Mode,CPO
M1.full,622.9252494
M3.red,626.8822885
M4.red,626.4641182
M7.null,693.2337298
M2.full,628.3311411
M5.null,694.2223318
M6.null,693.9519649
M8.full.no.covs.CPO,627.8393386
M9.red.no.covs.CPO,626.6391679
