Mode,CPO
M1.full,621.5913701
M2.full,625.457872
M9.red.no.covs,625.6011382
M4.red,626.4236894
M3.red,626.8854268
M8.full.no.covs.CPO,627.6652866
M7.null,693.2653662
M6.null,693.9750897
M5.null,694.1484309
