Model,CPO
M1.full.no.covs,588.4150201
M2.red.no.covs,601.8649584
M3.null.no.covs,616.9075694
M1.full.covs.1,615.0447843
M2.red.covs.1,606.7226637
M3.null.covs.1,619.8667483
M1.full.covs.2,599.720415
M2.red.covs.2,602.0411484
M3.null.covs.2,616.7240203
M1.hybrid.no.covs,586.3589649
M2.hybrid.no.covs,589.1726663
M3.null.no.covs,616.8786702
